{"last_node_id":83,"last_link_id":211,"nodes":[{"id":5,"type":"LoadImage","pos":[-500,830],"size":[315,314],"flags":{},"order":0,"mode":0,"inputs":[],"outputs":[{"name":"IMAGE","type":"IMAGE","links":[1,2,24,26],"slot_index":0,"localized_name":"IMAGE"},{"name":"MASK","type":"MASK","links":null,"localized_name":"MASK"}],"properties":{"Node name for S&R":"LoadImage"},"widgets_values":["9A88CB0EE63797ECE21EAC10852A0BABF82EE5899C6D35CE3F198EEC3A2D8016.jpeg","image"]},{"id":15,"type":"PreviewImage","pos":[900,1230],"size":[210,246],"flags":{},"order":8,"mode":0,"inputs":[{"name":"images","type":"IMAGE","link":29,"localized_name":"images"}],"outputs":[],"properties":{"Node name for S&R":"PreviewImage"},"widgets_values":[]},{"id":19,"type":"GroundingDinoSAMSegment (segment anything)","pos":[900,2480],"size":[360,122],"flags":{},"order":11,"mode":0,"inputs":[{"name":"sam_model","type":"SAM_MODEL","link":137,"localized_name":"sam_model"},{"name":"grounding_dino_model","type":"GROUNDING_DINO_MODEL","link":149,"localized_name":"grounding_dino_model"},{"name":"image","type":"IMAGE","link":162,"localized_name":"image"}],"outputs":[{"name":"IMAGE","type":"IMAGE","links":[],"slot_index":0,"localized_name":"IMAGE"},{"name":"MASK","type":"MASK","links":[56],"slot_index":1,"localized_name":"MASK"}],"properties":{"Node name for S&R":"GroundingDinoSAMSegment (segment anything)"},"widgets_values":["pants",0.3]},{"id":20,"type":"GroundingDinoSAMSegment (segment anything)","pos":[900,2660],"size":[360,122],"flags":{},"order":12,"mode":0,"inputs":[{"name":"sam_model","type":"SAM_MODEL","link":138,"localized_name":"sam_model"},{"name":"grounding_dino_model","type":"GROUNDING_DINO_MODEL","link":150,"localized_name":"grounding_dino_model"},{"name":"image","type":"IMAGE","link":163,"localized_name":"image"}],"outputs":[{"name":"IMAGE","type":"IMAGE","links":[],"slot_index":0,"localized_name":"IMAGE"},{"name":"MASK","type":"MASK","links":[58],"slot_index":1,"localized_name":"MASK"}],"properties":{"Node name for S&R":"GroundingDinoSAMSegment (segment anything)"},"widgets_values":["lingerie",0.3]},{"id":21,"type":"GroundingDinoSAMSegment (segment anything)","pos":[900,2840],"size":[360,122],"flags":{},"order":13,"mode":0,"inputs":[{"name":"sam_model","type":"SAM_MODEL","link":139,"localized_name":"sam_model"},{"name":"grounding_dino_model","type":"GROUNDING_DINO_MODEL","link":151,"localized_name":"grounding_dino_model"},{"name":"image","type":"IMAGE","link":164,"localized_name":"image"}],"outputs":[{"name":"IMAGE","type":"IMAGE","links":[],"slot_index":0,"localized_name":"IMAGE"},{"name":"MASK","type":"MASK","links":[60],"slot_index":1,"localized_name":"MASK"}],"properties":{"Node name for S&R":"GroundingDinoSAMSegment (segment anything)"},"widgets_values":["underwear",0.4]},{"id":22,"type":"GroundingDinoSAMSegment (segment anything)","pos":[900,3020],"size":[360,122],"flags":{},"order":14,"mode":0,"inputs":[{"name":"sam_model","type":"SAM_MODEL","link":140,"localized_name":"sam_model"},{"name":"grounding_dino_model","type":"GROUNDING_DINO_MODEL","link":152,"localized_name":"grounding_dino_model"},{"name":"image","type":"IMAGE","link":165,"localized_name":"image"}],"outputs":[{"name":"IMAGE","type":"IMAGE","links":[],"slot_index":0,"localized_name":"IMAGE"},{"name":"MASK","type":"MASK","links":[62],"slot_index":1,"localized_name":"MASK"}],"properties":{"Node name for S&R":"GroundingDinoSAMSegment (segment anything)"},"widgets_values":["blouse",0.3]},{"id":23,"type":"GroundingDinoSAMSegment (segment anything)","pos":[900,3200],"size":[360,122],"flags":{},"order":15,"mode":0,"inputs":[{"name":"sam_model","type":"SAM_MODEL","link":141,"localized_name":"sam_model"},{"name":"grounding_dino_model","type":"GROUNDING_DINO_MODEL","link":153,"localized_name":"grounding_dino_model"},{"name":"image","type":"IMAGE","link":166,"localized_name":"image"}],"outputs":[{"name":"IMAGE","type":"IMAGE","links":[],"slot_index":0,"localized_name":"IMAGE"},{"name":"MASK","type":"MASK","links":[64],"slot_index":1,"localized_name":"MASK"}],"properties":{"Node name for S&R":"GroundingDinoSAMSegment (segment anything)"},"widgets_values":["swimsuits",0.3]},{"id":24,"type":"GroundingDinoSAMSegment (segment anything)","pos":[900,3380],"size":[360,122],"flags":{},"order":16,"mode":0,"inputs":[{"name":"sam_model","type":"SAM_MODEL","link":142,"localized_name":"sam_model"},{"name":"grounding_dino_model","type":"GROUNDING_DINO_MODEL","link":154,"localized_name":"grounding_dino_model"},{"name":"image","type":"IMAGE","link":167,"localized_name":"image"}],"outputs":[{"name":"IMAGE","type":"IMAGE","links":[],"slot_index":0,"localized_name":"IMAGE"},{"name":"MASK","type":"MASK","links":[66],"slot_index":1,"localized_name":"MASK"}],"properties":{"Node name for S&R":"GroundingDinoSAMSegment (segment anything)"},"widgets_values":["dress",0.2]},{"id":25,"type":"GroundingDinoSAMSegment (segment anything)","pos":[900,3740],"size":[360,122],"flags":{},"order":17,"mode":0,"inputs":[{"name":"sam_model","type":"SAM_MODEL","link":143,"localized_name":"sam_model"},{"name":"grounding_dino_model","type":"GROUNDING_DINO_MODEL","link":155,"localized_name":"grounding_dino_model"},{"name":"image","type":"IMAGE","link":168,"localized_name":"image"}],"outputs":[{"name":"IMAGE","type":"IMAGE","links":[],"slot_index":0,"localized_name":"IMAGE"},{"name":"MASK","type":"MASK","links":[102],"slot_index":1,"localized_name":"MASK"}],"properties":{"Node name for S&R":"GroundingDinoSAMSegment (segment anything)"},"widgets_values":["glasses",0.35000000000000003]},{"id":26,"type":"caching_mask","pos":[1370,2480],"size":[367.79998779296875,126],"flags":{},"order":25,"mode":0,"inputs":[{"name":"original_image","type":"IMAGE","link":169,"localized_name":"original_image"},{"name":"executor","type":"MASK","link":56,"localized_name":"executor"}],"outputs":[{"name":"original_image","type":"IMAGE","links":[],"slot_index":0,"localized_name":"original_image"},{"name":"cached_mask","type":"MASK","links":[77],"slot_index":1,"localized_name":"cached_mask"}],"properties":{"Node name for S&R":"caching_mask"},"widgets_values":["pants","red",false],"color":"#432","bgcolor":"#653","boxcolor":"#cc8600"},{"id":27,"type":"caching_mask","pos":[1370,2660],"size":[367.79998779296875,126],"flags":{},"order":26,"mode":0,"inputs":[{"name":"original_image","type":"IMAGE","link":170,"localized_name":"original_image"},{"name":"executor","type":"MASK","link":58,"localized_name":"executor"}],"outputs":[{"name":"original_image","type":"IMAGE","links":[],"slot_index":0,"localized_name":"original_image"},{"name":"cached_mask","type":"MASK","links":[79],"slot_index":1,"localized_name":"cached_mask"}],"properties":{"Node name for S&R":"caching_mask"},"widgets_values":["lingerie","red",false],"color":"#432","bgcolor":"#653","boxcolor":"#cc8600"},{"id":28,"type":"caching_mask","pos":[1370,2840],"size":[367.79998779296875,126],"flags":{},"order":27,"mode":0,"inputs":[{"name":"original_image","type":"IMAGE","link":171,"localized_name":"original_image"},{"name":"executor","type":"MASK","link":60,"localized_name":"executor"}],"outputs":[{"name":"original_image","type":"IMAGE","links":[],"slot_index":0,"localized_name":"original_image"},{"name":"cached_mask","type":"MASK","links":[71],"slot_index":1,"localized_name":"cached_mask"}],"properties":{"Node name for S&R":"caching_mask"},"widgets_values":["underwear","red",false],"color":"#432","bgcolor":"#653","boxcolor":"#cc8600"},{"id":29,"type":"caching_mask","pos":[1370,3020],"size":[367.79998779296875,126],"flags":{},"order":28,"mode":0,"inputs":[{"name":"original_image","type":"IMAGE","link":172,"localized_name":"original_image"},{"name":"executor","type":"MASK","link":62,"localized_name":"executor"}],"outputs":[{"name":"original_image","type":"IMAGE","links":[],"slot_index":0,"localized_name":"original_image"},{"name":"cached_mask","type":"MASK","links":[73],"slot_index":1,"localized_name":"cached_mask"}],"properties":{"Node name for S&R":"caching_mask"},"widgets_values":["blouse","red",false],"color":"#432","bgcolor":"#653","boxcolor":"#cc8600"},{"id":30,"type":"caching_mask","pos":[1370,3200],"size":[367.79998779296875,126],"flags":{},"order":29,"mode":0,"inputs":[{"name":"original_image","type":"IMAGE","link":173,"localized_name":"original_image"},{"name":"executor","type":"MASK","link":64,"localized_name":"executor"}],"outputs":[{"name":"original_image","type":"IMAGE","links":[],"slot_index":0,"localized_name":"original_image"},{"name":"cached_mask","type":"MASK","links":[75],"slot_index":1,"localized_name":"cached_mask"}],"properties":{"Node name for S&R":"caching_mask"},"widgets_values":["swimsuits","red",false],"color":"#432","bgcolor":"#653","boxcolor":"#cc8600"},{"id":31,"type":"caching_mask","pos":[1370,3380],"size":[367.79998779296875,126],"flags":{},"order":30,"mode":0,"inputs":[{"name":"original_image","type":"IMAGE","link":174,"localized_name":"original_image"},{"name":"executor","type":"MASK","link":66,"localized_name":"executor"}],"outputs":[{"name":"original_image","type":"IMAGE","links":[],"slot_index":0,"localized_name":"original_image"},{"name":"cached_mask","type":"MASK","links":[87],"slot_index":1,"localized_name":"cached_mask"}],"properties":{"Node name for S&R":"caching_mask"},"widgets_values":["dress","red",false],"color":"#432","bgcolor":"#653","boxcolor":"#cc8600"},{"id":32,"type":"GroundingDinoSAMSegment (segment anything)","pos":[900,3920],"size":[360,122],"flags":{},"order":18,"mode":0,"inputs":[{"name":"sam_model","type":"SAM_MODEL","link":144,"localized_name":"sam_model"},{"name":"grounding_dino_model","type":"GROUNDING_DINO_MODEL","link":156,"localized_name":"grounding_dino_model"},{"name":"image","type":"IMAGE","link":175,"localized_name":"image"}],"outputs":[{"name":"IMAGE","type":"IMAGE","links":[],"slot_index":0,"localized_name":"IMAGE"},{"name":"MASK","type":"MASK","links":[104],"slot_index":1,"localized_name":"MASK"}],"properties":{"Node name for S&R":"GroundingDinoSAMSegment (segment anything)"},"widgets_values":["hair",0.35000000000000003]},{"id":33,"type":"MaskComposite","pos":[1800,2660],"size":[315,126],"flags":{},"order":42,"mode":0,"inputs":[{"name":"destination","type":"MASK","link":70,"localized_name":"destination"},{"name":"source","type":"MASK","link":71,"localized_name":"source"}],"outputs":[{"name":"MASK","type":"MASK","links":[72],"slot_index":0,"localized_name":"MASK"}],"properties":{"Node name for S&R":"MaskComposite"},"widgets_values":[0,0,"add"]},{"id":34,"type":"MaskComposite","pos":[1800,2840],"size":[315,126],"flags":{},"order":44,"mode":0,"inputs":[{"name":"destination","type":"MASK","link":72,"localized_name":"destination"},{"name":"source","type":"MASK","link":73,"localized_name":"source"}],"outputs":[{"name":"MASK","type":"MASK","links":[74],"slot_index":0,"localized_name":"MASK"}],"properties":{"Node name for S&R":"MaskComposite"},"widgets_values":[0,0,"add"]},{"id":35,"type":"MaskComposite","pos":[1800,3020],"size":[315,126],"flags":{},"order":46,"mode":0,"inputs":[{"name":"destination","type":"MASK","link":74,"localized_name":"destination"},{"name":"source","type":"MASK","link":75,"localized_name":"source"}],"outputs":[{"name":"MASK","type":"MASK","links":[86],"slot_index":0,"localized_name":"MASK"}],"properties":{"Node name for S&R":"MaskComposite"},"widgets_values":[0,0,"add"]},{"id":36,"type":"MaskComposite","pos":[1800,2300],"size":[315,126],"flags":{},"order":37,"mode":0,"inputs":[{"name":"destination","type":"MASK","link":76,"localized_name":"destination"},{"name":"source","type":"MASK","link":77,"localized_name":"source"}],"outputs":[{"name":"MASK","type":"MASK","links":[78],"slot_index":0,"localized_name":"MASK"}],"properties":{"Node name for S&R":"MaskComposite"},"widgets_values":[1,0,"add"]},{"id":37,"type":"MaskComposite","pos":[1800,2480],"size":[315,126],"flags":{},"order":40,"mode":0,"inputs":[{"name":"destination","type":"MASK","link":78,"localized_name":"destination"},{"name":"source","type":"MASK","link":79,"localized_name":"source"}],"outputs":[{"name":"MASK","type":"MASK","links":[70],"slot_index":0,"localized_name":"MASK"}],"properties":{"Node name for S&R":"MaskComposite"},"widgets_values":[0,1,"add"]},{"id":47,"type":"GroundingDinoSAMSegment (segment anything)","pos":[900,3560],"size":[360,122],"flags":{},"order":19,"mode":0,"inputs":[{"name":"sam_model","type":"SAM_MODEL","link":145,"localized_name":"sam_model"},{"name":"grounding_dino_model","type":"GROUNDING_DINO_MODEL","link":157,"localized_name":"grounding_dino_model"},{"name":"image","type":"IMAGE","link":178,"localized_name":"image"}],"outputs":[{"name":"IMAGE","type":"IMAGE","links":[],"slot_index":0,"localized_name":"IMAGE"},{"name":"MASK","type":"MASK","links":[100],"slot_index":1,"localized_name":"MASK"}],"properties":{"Node name for S&R":"GroundingDinoSAMSegment (segment anything)"},"widgets_values":["face",0.35000000000000003]},{"id":48,"type":"GroundingDinoSAMSegment (segment anything)","pos":[900,4100],"size":[360,122],"flags":{},"order":20,"mode":0,"inputs":[{"name":"sam_model","type":"SAM_MODEL","link":146,"localized_name":"sam_model"},{"name":"grounding_dino_model","type":"GROUNDING_DINO_MODEL","link":158,"localized_name":"grounding_dino_model"},{"name":"image","type":"IMAGE","link":179,"localized_name":"image"}],"outputs":[{"name":"IMAGE","type":"IMAGE","links":[],"slot_index":0,"localized_name":"IMAGE"},{"name":"MASK","type":"MASK","links":[106],"slot_index":1,"localized_name":"MASK"}],"properties":{"Node name for S&R":"GroundingDinoSAMSegment (segment anything)"},"widgets_values":["phone",0.35000000000000003]},{"id":52,"type":"caching_mask","pos":[1370,3740],"size":[367.79998779296875,126],"flags":{},"order":31,"mode":0,"inputs":[{"name":"original_image","type":"IMAGE","link":181,"localized_name":"original_image"},{"name":"executor","type":"MASK","link":102,"localized_name":"executor"}],"outputs":[{"name":"original_image","type":"IMAGE","links":null,"localized_name":"original_image"},{"name":"cached_mask","type":"MASK","links":[110],"slot_index":1,"localized_name":"cached_mask"}],"properties":{"Node name for S&R":"caching_mask"},"widgets_values":["glasses","red",false],"color":"#432","bgcolor":"#653","boxcolor":"#cc8600"},{"id":53,"type":"caching_mask","pos":[1370,3920],"size":[367.79998779296875,126],"flags":{},"order":32,"mode":0,"inputs":[{"name":"original_image","type":"IMAGE","link":182,"localized_name":"original_image"},{"name":"executor","type":"MASK","link":104,"localized_name":"executor"}],"outputs":[{"name":"original_image","type":"IMAGE","links":null,"localized_name":"original_image"},{"name":"cached_mask","type":"MASK","links":[108],"slot_index":1,"localized_name":"cached_mask"}],"properties":{"Node name for S&R":"caching_mask"},"widgets_values":["hair","red",false],"color":"#432","bgcolor":"#653","boxcolor":"#cc8600"},{"id":54,"type":"caching_mask","pos":[1370,4100],"size":[367.79998779296875,126],"flags":{},"order":34,"mode":0,"inputs":[{"name":"original_image","type":"IMAGE","link":183,"localized_name":"original_image"},{"name":"executor","type":"MASK","link":106,"localized_name":"executor"}],"outputs":[{"name":"original_image","type":"IMAGE","links":null,"localized_name":"original_image"},{"name":"cached_mask","type":"MASK","links":[118],"slot_index":1,"localized_name":"cached_mask"}],"properties":{"Node name for S&R":"caching_mask"},"widgets_values":["phone","red",false],"color":"#432","bgcolor":"#653","boxcolor":"#cc8600"},{"id":55,"type":"MaskComposite","pos":[1800,3920],"size":[315,126],"flags":{},"order":41,"mode":0,"inputs":[{"name":"destination","type":"MASK","link":107,"localized_name":"destination"},{"name":"source","type":"MASK","link":108,"localized_name":"source"}],"outputs":[{"name":"MASK","type":"MASK","links":[117],"slot_index":0,"localized_name":"MASK"}],"properties":{"Node name for S&R":"MaskComposite"},"widgets_values":[0,0,"add"]},{"id":56,"type":"MaskComposite","pos":[1800,3740],"size":[315,126],"flags":{},"order":38,"mode":0,"inputs":[{"name":"destination","type":"MASK","link":109,"localized_name":"destination"},{"name":"source","type":"MASK","link":110,"localized_name":"source"}],"outputs":[{"name":"MASK","type":"MASK","links":[107],"slot_index":0,"localized_name":"MASK"}],"properties":{"Node name for S&R":"MaskComposite"},"widgets_values":[0,0,"add"]},{"id":57,"type":"GroundingDinoSAMSegment (segment anything)","pos":[900,4280],"size":[360,122],"flags":{},"order":21,"mode":0,"inputs":[{"name":"sam_model","type":"SAM_MODEL","link":147,"localized_name":"sam_model"},{"name":"grounding_dino_model","type":"GROUNDING_DINO_MODEL","link":159,"localized_name":"grounding_dino_model"},{"name":"image","type":"IMAGE","link":184,"localized_name":"image"}],"outputs":[{"name":"IMAGE","type":"IMAGE","links":[],"slot_index":0,"localized_name":"IMAGE"},{"name":"MASK","type":"MASK","links":[127],"slot_index":1,"localized_name":"MASK"}],"properties":{"Node name for S&R":"GroundingDinoSAMSegment (segment anything)"},"widgets_values":["hand",0.35000000000000003]},{"id":59,"type":"MaskComposite","pos":[1800,4100],"size":[315,126],"flags":{},"order":43,"mode":0,"inputs":[{"name":"destination","type":"MASK","link":117,"localized_name":"destination"},{"name":"source","type":"MASK","link":118,"localized_name":"source"}],"outputs":[{"name":"MASK","type":"MASK","links":[125],"slot_index":0,"localized_name":"MASK"}],"properties":{"Node name for S&R":"MaskComposite"},"widgets_values":[0,0,"add"]},{"id":68,"type":"GrowMaskWithBlur","pos":[1370,4300],"size":[300,250],"flags":{},"order":35,"mode":0,"inputs":[{"name":"mask","type":"MASK","link":127,"localized_name":"mask"}],"outputs":[{"name":"mask","type":"MASK","links":[129],"slot_index":0,"localized_name":"mask"},{"name":"mask_inverted","type":"MASK","links":[],"slot_index":1,"localized_name":"mask_inverted"}],"properties":{"Node name for S&R":"GrowMaskWithBlur"},"widgets_values":[3,0,true,false,3,1,1,true]},{"id":38,"type":"caching_mask","pos":[1370,2300],"size":[367.79998779296875,126],"flags":{},"order":24,"mode":0,"inputs":[{"name":"original_image","type":"IMAGE","link":176,"localized_name":"original_image"},{"name":"executor","type":"MASK","link":81,"localized_name":"executor"}],"outputs":[{"name":"original_image","type":"IMAGE","links":[],"slot_index":0,"localized_name":"original_image"},{"name":"cached_mask","type":"MASK","links":[76],"slot_index":1,"localized_name":"cached_mask"}],"properties":{"Node name for S&R":"caching_mask"},"widgets_values":["clothes","red",false],"color":"#432","bgcolor":"#653","boxcolor":"#cc8600"},{"id":6,"type":"ImageResize+","pos":[0,1230],"size":[300,218],"flags":{},"order":3,"mode":0,"inputs":[{"name":"image","type":"IMAGE","link":1,"localized_name":"image"}],"outputs":[{"name":"IMAGE","type":"IMAGE","links":[6,17,160],"slot_index":0,"localized_name":"IMAGE"},{"name":"width","type":"INT","links":null,"localized_name":"width"},{"name":"height","type":"INT","links":null,"localized_name":"height"}],"properties":{"Node name for S&R":"ImageResize+"},"widgets_values":[512,0,"lanczos","keep proportion","downscale if bigger",0]},{"id":42,"type":"MaskComposite","pos":[1800,3200],"size":[315,126],"flags":{},"order":49,"mode":0,"inputs":[{"name":"destination","type":"MASK","link":86,"localized_name":"destination"},{"name":"source","type":"MASK","link":87,"localized_name":"source"}],"outputs":[{"name":"MASK","type":"MASK","links":[187],"slot_index":0,"localized_name":"MASK"}],"properties":{"Node name for S&R":"MaskComposite"},"widgets_values":[0,0,"add"]},{"id":69,"type":"caching_mask","pos":[1740,4300],"size":[367.79998779296875,126],"flags":{},"order":39,"mode":0,"inputs":[{"name":"original_image","type":"IMAGE","link":186,"localized_name":"original_image"},{"name":"executor","type":"MASK","link":129,"localized_name":"executor"}],"outputs":[{"name":"original_image","type":"IMAGE","links":[],"slot_index":0,"localized_name":"original_image"},{"name":"cached_mask","type":"MASK","links":[124],"slot_index":1,"localized_name":"cached_mask"}],"properties":{"Node name for S&R":"caching_mask"},"widgets_values":["hands","red",false],"color":"#432","bgcolor":"#653","boxcolor":"#cc8600"},{"id":51,"type":"caching_mask","pos":[1370,3560],"size":[367.79998779296875,126],"flags":{},"order":33,"mode":0,"inputs":[{"name":"original_image","type":"IMAGE","link":180,"localized_name":"original_image"},{"name":"executor","type":"MASK","link":100,"localized_name":"executor"}],"outputs":[{"name":"original_image","type":"IMAGE","links":null,"localized_name":"original_image"},{"name":"cached_mask","type":"MASK","links":[109],"slot_index":1,"localized_name":"cached_mask"}],"properties":{"Node name for S&R":"caching_mask"},"widgets_values":["face","red",false],"color":"#432","bgcolor":"#653","boxcolor":"#cc8600"},{"id":44,"type":"MaskComposite(FaceParsing)","pos":[2570,3210],"size":[327.5999755859375,78],"flags":{},"order":54,"mode":0,"inputs":[{"name":"destination","type":"MASK","link":88,"localized_name":"destination"},{"name":"source","type":"MASK","link":89,"localized_name":"source"}],"outputs":[{"name":"MASK","type":"MASK","links":[198],"slot_index":0,"localized_name":"MASK"}],"properties":{"Node name for S&R":"MaskComposite(FaceParsing)"},"widgets_values":["subtract"]},{"id":81,"type":"ImageCompositeMasked","pos":[4090,3110],"size":[315,146],"flags":{},"order":58,"mode":0,"inputs":[{"name":"destination","type":"IMAGE","link":209,"localized_name":"destination"},{"name":"source","type":"IMAGE","link":206,"localized_name":"source"},{"name":"mask","type":"MASK","link":210,"shape":7,"localized_name":"mask"}],"outputs":[{"name":"IMAGE","type":"IMAGE","links":[208],"slot_index":0,"localized_name":"IMAGE"}],"properties":{"Node name for S&R":"ImageCompositeMasked"},"widgets_values":[0,0,true]},{"id":82,"type":"PreviewImage","pos":[4500,3120],"size":[290,360],"flags":{},"order":59,"mode":0,"inputs":[{"name":"images","type":"IMAGE","link":208,"localized_name":"images"}],"outputs":[],"properties":{"Node name for S&R":"PreviewImage"},"widgets_values":[]},{"id":8,"type":"SAMModelLoader (segment anything)","pos":[400,2300],"size":[400,60],"flags":{},"order":1,"mode":0,"inputs":[],"outputs":[{"name":"SAM_MODEL","type":"SAM_MODEL","links":[136,137,138,139,140,141,142,143,144,145,146,147],"slot_index":0,"localized_name":"SAM_MODEL"}],"properties":{"Node name for S&R":"SAMModelLoader (segment anything)"},"widgets_values":["sam_vit_b (375MB)"]},{"id":9,"type":"GroundingDinoModelLoader (segment anything)","pos":[400,2430],"size":[400,58],"flags":{},"order":2,"mode":0,"inputs":[],"outputs":[{"name":"GROUNDING_DINO_MODEL","type":"GROUNDING_DINO_MODEL","links":[148,149,150,151,152,153,154,155,156,157,158,159],"slot_index":0,"localized_name":"GROUNDING_DINO_MODEL"}],"properties":{"Node name for S&R":"GroundingDinoModelLoader (segment anything)"},"widgets_values":["GroundingDINO_SwinT_OGC (694MB)"]},{"id":74,"type":"Reroute","pos":[730,2520],"size":[75,26],"flags":{},"order":6,"mode":0,"inputs":[{"name":"","type":"*","link":160}],"outputs":[{"name":"","type":"IMAGE","links":[161,162,163,164,165,166,167,168,169,170,171,172,173,174,175,176,178,179,180,181,182,183,184,186,192,194,196,209],"slot_index":0}],"properties":{"showOutputText":false,"horizontal":false}},{"id":41,"type":"GrowMaskWithBlur","pos":[2200,3210],"size":[300,250],"flags":{},"order":52,"mode":0,"inputs":[{"name":"mask","type":"MASK","link":187,"localized_name":"mask"}],"outputs":[{"name":"mask","type":"MASK","links":[88],"slot_index":0,"localized_name":"mask"},{"name":"mask_inverted","type":"MASK","links":null,"localized_name":"mask_inverted"}],"properties":{"Node name for S&R":"GrowMaskWithBlur"},"widgets_values":[30,0,true,false,7,1,1,false]},{"id":75,"type":"caching_mask","pos":[3000,3210],"size":[367.79998779296875,126],"flags":{},"order":55,"mode":0,"inputs":[{"name":"original_image","type":"IMAGE","link":192,"localized_name":"original_image"},{"name":"executor","type":"MASK","link":198,"localized_name":"executor"}],"outputs":[{"name":"original_image","type":"IMAGE","links":null,"localized_name":"original_image"},{"name":"cached_mask","type":"MASK","links":[199,210,211],"slot_index":1,"localized_name":"cached_mask"}],"properties":{"Node name for S&R":"caching_mask"},"widgets_values":["full-clothes","red",false],"color":"#432","bgcolor":"#653","boxcolor":"#cc8600"},{"id":76,"type":"caching_mask","pos":[3000,3450],"size":[367.79998779296875,126],"flags":{},"order":47,"mode":0,"inputs":[{"name":"original_image","type":"IMAGE","link":194,"localized_name":"original_image"},{"name":"executor","type":"MASK","link":200,"localized_name":"executor"}],"outputs":[{"name":"original_image","type":"IMAGE","links":null,"localized_name":"original_image"},{"name":"cached_mask","type":"MASK","links":[201],"slot_index":1,"localized_name":"cached_mask"}],"properties":{"Node name for S&R":"caching_mask"},"widgets_values":["head-hair","red",false],"color":"#432","bgcolor":"#653","boxcolor":"#cc8600"},{"id":66,"type":"GrowMaskWithBlur","pos":[2200,3550],"size":[280,246],"flags":{},"order":45,"mode":0,"inputs":[{"name":"mask","type":"MASK","link":125,"localized_name":"mask"}],"outputs":[{"name":"mask","type":"MASK","links":[89,200],"slot_index":0,"localized_name":"mask"},{"name":"mask_inverted","type":"MASK","links":[123],"slot_index":1,"localized_name":"mask_inverted"}],"properties":{"Node name for S&R":"GrowMaskWithBlur"},"widgets_values":[0,0,true,false,3,1,1,true]},{"id":64,"type":"MaskComposite","pos":[2600,3650],"size":[315,126],"flags":{},"order":48,"mode":0,"inputs":[{"name":"destination","type":"MASK","link":123,"localized_name":"destination"},{"name":"source","type":"MASK","link":124,"localized_name":"source"}],"outputs":[{"name":"MASK","type":"MASK","links":[202],"slot_index":0,"localized_name":"MASK"}],"properties":{"Node name for S&R":"MaskComposite"},"widgets_values":[0,0,"subtract"]},{"id":77,"type":"caching_mask","pos":[3000,3650],"size":[367.79998779296875,126],"flags":{},"order":51,"mode":0,"inputs":[{"name":"original_image","type":"IMAGE","link":196,"localized_name":"original_image"},{"name":"executor","type":"MASK","link":202,"localized_name":"executor"}],"outputs":[{"name":"original_image","type":"IMAGE","links":null,"localized_name":"original_image"},{"name":"cached_mask","type":"MASK","links":[203],"slot_index":1,"localized_name":"cached_mask"}],"properties":{"Node name for S&R":"caching_mask"},"widgets_values":["head-hair-hands","red",false],"color":"#432","bgcolor":"#653","boxcolor":"#cc8600"},{"id":45,"type":"MaskPreview+","pos":[3500,3150],"size":[210,246],"flags":{},"order":56,"mode":0,"inputs":[{"name":"mask","type":"MASK","link":199,"localized_name":"mask"}],"outputs":[],"properties":{"Node name for S&R":"MaskPreview+"},"widgets_values":[]},{"id":71,"type":"MaskPreview+","pos":[3500,3460],"size":[210,246],"flags":{},"order":50,"mode":0,"inputs":[{"name":"mask","type":"MASK","link":201,"localized_name":"mask"}],"outputs":[],"properties":{"Node name for S&R":"MaskPreview+"},"widgets_values":[]},{"id":72,"type":"MaskPreview+","pos":[3500,3760],"size":[210,246],"flags":{},"order":53,"mode":0,"inputs":[{"name":"mask","type":"MASK","link":203,"localized_name":"mask"}],"outputs":[],"properties":{"Node name for S&R":"MaskPreview+"},"widgets_values":[]},{"id":7,"type":"OpenposePreprocessor","pos":[900,1530],"size":[315,174],"flags":{},"order":7,"mode":0,"inputs":[{"name":"image","type":"IMAGE","link":8,"localized_name":"image"}],"outputs":[{"name":"IMAGE","type":"IMAGE","links":[9],"slot_index":0,"localized_name":"IMAGE"},{"name":"POSE_KEYPOINT","type":"POSE_KEYPOINT","links":null,"localized_name":"POSE_KEYPOINT"}],"properties":{"Node name for S&R":"OpenposePreprocessor"},"widgets_values":["enable","enable","enable",512,"enable"]},{"id":4,"type":"caching_controlnet","pos":[1310,1480],"size":[481.1999816894531,102],"flags":{},"order":22,"mode":0,"inputs":[{"name":"original_image","type":"IMAGE","link":24,"localized_name":"original_image"},{"name":"executor","type":"IMAGE","link":9,"localized_name":"executor"}],"outputs":[{"name":"original_image","type":"IMAGE","links":null,"localized_name":"original_image"},{"name":"cached_controlnet_image","type":"IMAGE","links":[28],"slot_index":1,"localized_name":"cached_controlnet_image"}],"properties":{"Node name for S&R":"caching_controlnet"},"widgets_values":["openpose",false],"color":"#432","bgcolor":"#653","boxcolor":"rgb(204, 134, 0)"},{"id":14,"type":"PreviewImage","pos":[1900,1500],"size":[210,246],"flags":{},"order":36,"mode":0,"inputs":[{"name":"images","type":"IMAGE","link":28,"localized_name":"images"}],"outputs":[],"properties":{"Node name for S&R":"PreviewImage"},"widgets_values":[]},{"id":11,"type":"Miaoshouai_Tagger","pos":[900,1820],"size":[400,415],"flags":{},"order":5,"mode":0,"inputs":[{"name":"images","type":"IMAGE","link":17,"shape":7,"localized_name":"images"},{"name":"filenames","type":"STRING","link":null,"widget":{"name":"filenames"},"shape":7},{"name":"captions","type":"STRING","link":null,"widget":{"name":"captions"},"shape":7}],"outputs":[{"name":"images","type":"IMAGE","links":[],"slot_index":0,"shape":6,"localized_name":"images"},{"name":"filenames","type":"STRING","links":[],"slot_index":1,"shape":6,"localized_name":"filenames"},{"name":"captions","type":"STRING","links":[18],"slot_index":2,"shape":6,"localized_name":"captions"},{"name":"folder_path","type":"STRING","links":null,"localized_name":"folder_path"},{"name":"batch_size","type":"INT","links":null,"localized_name":"batch_size"}],"properties":{"Node name for S&R":"Miaoshouai_Tagger"},"widgets_values":["promptgen_base_v1.5","Path to your image folder","extra",1024,4,"never","","","","","with a shaved head:;a nude woman:a woman"]},{"id":2,"type":"caching_text","pos":[1400,1830],"size":[367.79998779296875,126],"flags":{},"order":9,"mode":0,"inputs":[{"name":"original_image","type":"IMAGE","link":26,"localized_name":"original_image"},{"name":"executor","type":"STRING","link":18,"widget":{"name":"executor"}}],"outputs":[{"name":"original_image","type":"IMAGE","links":null,"localized_name":"original_image"},{"name":"cached_text","type":"STRING","links":[27],"slot_index":1,"localized_name":"cached_text"}],"properties":{"Node name for S&R":"caching_text"},"widgets_values":["text","",false],"color":"#432","bgcolor":"#653","boxcolor":"rgb(204, 134, 0)"},{"id":13,"type":"Display Any (rgthree)","pos":[1850,1830],"size":[350,320],"flags":{},"order":23,"mode":0,"inputs":[{"name":"source","type":"*","link":27,"dir":3,"localized_name":"source"}],"outputs":[],"properties":{"Node name for S&R":"Display Any (rgthree)"},"widgets_values":["a high-resolution photograph featuring a young woman with a medium-dark skin tone and long, wavy dark brown hair, she is standing in a modern, minimalist setting, possibly a train station or airport, she has a confident, slightly confident expression, with her lips slightly parted and her eyes looking directly at the camera, her attire consists of a black leather jacket with a zipper, which is unzipped, revealing a white shirt underneath, and black high-waisted pants that accentuate her hourglass figure, she wears black, high-heeled shoes that add a touch of edginess to her look, her left hand is resting on her hip, while her right hand is draped over her left shoulder, holding a black, leather pendant necklace, the background features a plain, light gray wall with a black line running along the edge, providing a stark contrast to her dark attire, the overall mood of the photograph is casual and slightly provocative, with a focus on the subject's confident and confident demeanor"]},{"id":18,"type":"GroundingDinoSAMSegment (segment anything)","pos":[900,2300],"size":[360,122],"flags":{},"order":10,"mode":0,"inputs":[{"name":"sam_model","type":"SAM_MODEL","link":136,"localized_name":"sam_model"},{"name":"grounding_dino_model","type":"GROUNDING_DINO_MODEL","link":148,"localized_name":"grounding_dino_model"},{"name":"image","type":"IMAGE","link":161,"localized_name":"image"}],"outputs":[{"name":"IMAGE","type":"IMAGE","links":[],"slot_index":0,"localized_name":"IMAGE"},{"name":"MASK","type":"MASK","links":[81],"slot_index":1,"localized_name":"MASK"}],"properties":{"Node name for S&R":"GroundingDinoSAMSegment (segment anything)"},"widgets_values":["clothes",0.3]},{"id":78,"type":"Mask To Image (mtb)","pos":[3800,3120],"size":[210,130],"flags":{},"order":57,"mode":0,"inputs":[{"name":"mask","type":"MASK","link":211,"localized_name":"mask"}],"outputs":[{"name":"IMAGE","type":"IMAGE","links":[206],"slot_index":0,"localized_name":"IMAGE"}],"properties":{"Node name for S&R":"Mask To Image (mtb)"},"widgets_values":["#ffff00","#000000",false]},{"id":3,"type":"caching_image","pos":[400,1200],"size":[367.79998779296875,102],"flags":{},"order":4,"mode":0,"inputs":[{"name":"original_image","type":"IMAGE","link":2,"localized_name":"original_image"},{"name":"executor","type":"IMAGE","link":6,"localized_name":"executor"}],"outputs":[{"name":"original_image","type":"IMAGE","links":[],"slot_index":0,"localized_name":"original_image"},{"name":"cached_image","type":"IMAGE","links":[8,29],"slot_index":1,"localized_name":"cached_image"}],"properties":{"Node name for S&R":"caching_image"},"widgets_values":["image",false],"color":"#432","bgcolor":"#653","boxcolor":"rgb(204, 134, 0)"}],"links":[[1,5,0,6,0,"IMAGE"],[2,5,0,3,0,"IMAGE"],[6,6,0,3,1,"IMAGE"],[8,3,1,7,0,"IMAGE"],[9,7,0,4,1,"IMAGE"],[17,6,0,11,0,"IMAGE"],[18,11,2,2,1,"STRING"],[24,5,0,4,0,"IMAGE"],[26,5,0,2,0,"IMAGE"],[27,2,1,13,0,"*"],[28,4,1,14,0,"IMAGE"],[29,3,1,15,0,"IMAGE"],[56,19,1,26,1,"MASK"],[58,20,1,27,1,"MASK"],[60,21,1,28,1,"MASK"],[62,22,1,29,1,"MASK"],[64,23,1,30,1,"MASK"],[66,24,1,31,1,"MASK"],[70,37,0,33,0,"MASK"],[71,28,1,33,1,"MASK"],[72,33,0,34,0,"MASK"],[73,29,1,34,1,"MASK"],[74,34,0,35,0,"MASK"],[75,30,1,35,1,"MASK"],[76,38,1,36,0,"MASK"],[77,26,1,36,1,"MASK"],[78,36,0,37,0,"MASK"],[79,27,1,37,1,"MASK"],[81,18,1,38,1,"MASK"],[86,35,0,42,0,"MASK"],[87,31,1,42,1,"MASK"],[88,41,0,44,0,"MASK"],[89,66,0,44,1,"MASK"],[100,47,1,51,1,"MASK"],[102,25,1,52,1,"MASK"],[104,32,1,53,1,"MASK"],[106,48,1,54,1,"MASK"],[107,56,0,55,0,"MASK"],[108,53,1,55,1,"MASK"],[109,51,1,56,0,"MASK"],[110,52,1,56,1,"MASK"],[117,55,0,59,0,"MASK"],[118,54,1,59,1,"MASK"],[123,66,1,64,0,"MASK"],[124,69,1,64,1,"MASK"],[125,59,0,66,0,"MASK"],[127,57,1,68,0,"MASK"],[129,68,0,69,1,"MASK"],[136,8,0,18,0,"SAM_MODEL"],[137,8,0,19,0,"SAM_MODEL"],[138,8,0,20,0,"SAM_MODEL"],[139,8,0,21,0,"SAM_MODEL"],[140,8,0,22,0,"SAM_MODEL"],[141,8,0,23,0,"SAM_MODEL"],[142,8,0,24,0,"SAM_MODEL"],[143,8,0,25,0,"SAM_MODEL"],[144,8,0,32,0,"SAM_MODEL"],[145,8,0,47,0,"SAM_MODEL"],[146,8,0,48,0,"SAM_MODEL"],[147,8,0,57,0,"SAM_MODEL"],[148,9,0,18,1,"GROUNDING_DINO_MODEL"],[149,9,0,19,1,"GROUNDING_DINO_MODEL"],[150,9,0,20,1,"GROUNDING_DINO_MODEL"],[151,9,0,21,1,"GROUNDING_DINO_MODEL"],[152,9,0,22,1,"GROUNDING_DINO_MODEL"],[153,9,0,23,1,"GROUNDING_DINO_MODEL"],[154,9,0,24,1,"GROUNDING_DINO_MODEL"],[155,9,0,25,1,"GROUNDING_DINO_MODEL"],[156,9,0,32,1,"GROUNDING_DINO_MODEL"],[157,9,0,47,1,"GROUNDING_DINO_MODEL"],[158,9,0,48,1,"GROUNDING_DINO_MODEL"],[159,9,0,57,1,"GROUNDING_DINO_MODEL"],[160,6,0,74,0,"*"],[161,74,0,18,2,"IMAGE"],[162,74,0,19,2,"IMAGE"],[163,74,0,20,2,"IMAGE"],[164,74,0,21,2,"IMAGE"],[165,74,0,22,2,"IMAGE"],[166,74,0,23,2,"IMAGE"],[167,74,0,24,2,"IMAGE"],[168,74,0,25,2,"IMAGE"],[169,74,0,26,0,"IMAGE"],[170,74,0,27,0,"IMAGE"],[171,74,0,28,0,"IMAGE"],[172,74,0,29,0,"IMAGE"],[173,74,0,30,0,"IMAGE"],[174,74,0,31,0,"IMAGE"],[175,74,0,32,2,"IMAGE"],[176,74,0,38,0,"IMAGE"],[178,74,0,47,2,"IMAGE"],[179,74,0,48,2,"IMAGE"],[180,74,0,51,0,"IMAGE"],[181,74,0,52,0,"IMAGE"],[182,74,0,53,0,"IMAGE"],[183,74,0,54,0,"IMAGE"],[184,74,0,57,2,"IMAGE"],[186,74,0,69,0,"IMAGE"],[187,42,0,41,0,"MASK"],[192,74,0,75,0,"IMAGE"],[194,74,0,76,0,"IMAGE"],[196,74,0,77,0,"IMAGE"],[198,44,0,75,1,"MASK"],[199,75,1,45,0,"MASK"],[200,66,0,76,1,"MASK"],[201,76,1,71,0,"MASK"],[202,64,0,77,1,"MASK"],[203,77,1,72,0,"MASK"],[206,78,0,81,1,"IMAGE"],[208,81,0,82,0,"IMAGE"],[209,74,0,81,0,"IMAGE"],[210,75,1,81,2,"MASK"],[211,75,1,78,0,"MASK"]],"groups":[],"config":{},"extra":{"ds":{"scale":0.2393920493691635,"offset":[3082.12109375,-1103.567626953125]},"node_versions":{"comfy-core":"0.3.14","comfyui_segment_anything":"ab6395596399d5048639cdab7e44ec9fae857a93","comfyui-kjnodes":"1.0.5","comfyui_essentials":"1.1.0","comfyui_face_parsing":"1.0.5","comfyui_controlnet_aux":"1.0.5","ComfyUI-Miaoshouai-Tagger":"8b824de674096e43f9bd0a5811a10306ea8ef379","rgthree-comfy":"5d771b8b56a343c24a26e8cea1f0c87c3d58102f","comfy-mtb":"0.2.1"},"ue_links":[]},"version":0.4}